Device,Latitude,Longitude,Date & Time,Google Maps
iPhone,40.7910761367412,-96.7029531257433,3/19/26 6:27:03 PM,"https://www.google.com/maps?q=40.79107613674124,-96.70295312574333"
iPhone,40.7911897129407,-96.7028340487717,3/19/26 6:32:48 PM,"https://www.google.com/maps?q=40.79118971294071,-96.70283404877173"
Windows,40.8025163546361,-96.6154710521162,3/19/26 10:06:31 PM,"https://www.google.com/maps?q=40.80251635463609,-96.61547105211622"
iPhone,40.8030250852167,-96.6149896281045,3/19/26 10:09:56 PM,"https://www.google.com/maps?q=40.803025085216724,-96.61498962810452"
iPhone,40.8030944972464,-96.6149004878688,3/19/26 10:15:52 PM,"https://www.google.com/maps?q=40.803094497246384,-96.6149004878688"
iPhone,40.803082619376,-96.6148225826757,3/19/26 10:16:43 PM,"https://www.google.com/maps?q=40.80308261937596,-96.6148225826757"
iPhone,40.803082619376,-96.6148225826757,3/19/26 10:16:43 PM,"https://www.google.com/maps?q=40.80308261937596,-96.6148225826757"
iPhone,40.8030944972464,-96.6149004878688,3/19/26 10:15:52 PM,"https://www.google.com/maps?q=40.803094497246384,-96.6149004878688"
iPhone,40.803082619376,-96.6148225826757,3/19/26 10:16:43 PM,"https://www.google.com/maps?q=40.80308261937596,-96.6148225826757"
iPhone,40.7984431187485,-96.7028827552985,3/23/26 4:26:55 PM,"https://www.google.com/maps?q=40.79844311874851,-96.70288275529845"
iPhone,40.779981902538,-96.7028717789304,3/23/26 5:09:48 PM,"https://www.google.com/maps?q=40.77998190253804,-96.70287177893042"
Android,40.8372399,-96.6592085,3/23/26 8:27:42 PM,"https://www.google.com/maps?q=40.8372399,-96.6592085"
iPhone,40.8030842309995,-96.6150393097741,3/24/26 5:37:13 PM,"https://www.google.com/maps?q=40.803084230999524,-96.6150393097741"
iPhone,40.8031168483999,-96.614760148586,3/24/26 5:38:38 PM,"https://www.google.com/maps?q=40.803116848399895,-96.61476014858604"
iPhone,40.8030823829372,-96.6148061566346,3/24/26 5:38:47 PM,"https://www.google.com/maps?q=40.80308238293723,-96.61480615663457"
Android,40.8592852,-96.6784792,3/26/26 10:00:29 AM,"https://www.google.com/maps?q=40.8592852,-96.6784792"
"Android","40.8167455","-96.7534446","3/29/26 9:21:49 PM","https://www.google.com/maps?q=40.8167455,-96.7534446"
"Android","40.8159051","-96.7522255","3/30/26 8:14:45 AM","https://www.google.com/maps?q=40.8159051,-96.7522255"
"Android","40.8159051","-96.7522255","3/30/26 8:14:45 AM","https://www.google.com/maps?q=40.8159051,-96.7522255"
"Android","40.8168676","-96.7532093","3/30/26 8:33:57 AM","https://www.google.com/maps?q=40.8168676,-96.7532093"
"Android","40.8156676","-96.7509059","3/30/26 10:02:49 AM","https://www.google.com/maps?q=40.8156676,-96.7509059"
"Android","40.8156676","-96.7509059","3/30/26 10:02:49 AM","https://www.google.com/maps?q=40.8156676,-96.7509059"
"Android","40.8156676","-96.7509059","3/30/26 10:02:49 AM","https://www.google.com/maps?q=40.8156676,-96.7509059"
"Android","40.8156534","-96.750422","3/30/26 10:06:25 AM","https://www.google.com/maps?q=40.8156534,-96.750422"
"Android","40.8163558","-96.7529757","3/30/26 10:31:37 AM","https://www.google.com/maps?q=40.8163558,-96.7529757"
"Android","40.815693","-96.7511187","3/30/26 10:37:38 AM","https://www.google.com/maps?q=40.815693,-96.7511187"
"Android","40.8171565","-96.6549487","3/30/26 11:24:50 AM","https://www.google.com/maps?q=40.8171565,-96.6549487"
"Android","40.8162152","-96.7516615","3/30/26 2:45:49 PM","https://www.google.com/maps?q=40.8162152,-96.7516615"
"Android","40.8162181","-96.7517426","3/30/26 2:59:41 PM","https://www.google.com/maps?q=40.8162181,-96.7517426"
"Android","40.8180181","-96.6811473","3/30/26 4:35:54 PM","https://www.google.com/maps?q=40.8180181,-96.6811473"
"Android","40.8181007","-96.6811629","3/30/26 4:42:10 PM","https://www.google.com/maps?q=40.8181007,-96.6811629"
"Android","40.8181007","-96.6811629","3/30/26 4:42:10 PM","https://www.google.com/maps?q=40.8181007,-96.6811629"
"Windows","40.80307472294084","-96.61364960997496","3/31/26 12:26:02 PM","https://www.google.com/maps?q=40.80307472294084,-96.61364960997496"
"Windows","40.80319938740073","-96.6134809733094","3/31/26 1:18:44 PM","https://www.google.com/maps?q=40.80319938740073,-96.6134809733094"
"Android","40.815885","-96.7017833","3/31/26 2:37:01 PM","https://www.google.com/maps?q=40.815885,-96.7017833"
"Android","40.8103127","-96.7052364","4/1/26 5:58:19 PM","https://www.google.com/maps?q=40.8103127,-96.7052364"
"Android","40.8103127","-96.7052364","4/1/26 5:58:19 PM","https://www.google.com/maps?q=40.8103127,-96.7052364"
"Android","40.8568013","-96.6329227","4/3/26 6:53:33 AM","https://www.google.com/maps?q=40.8568013,-96.6329227"
"Android","40.8568013","-96.6329227","4/3/26 6:53:33 AM","https://www.google.com/maps?q=40.8568013,-96.6329227"
"Android","40.8568013","-96.6329227","4/3/26 6:53:33 AM","https://www.google.com/maps?q=40.8568013,-96.6329227"
"Android","40.8170531","-96.7006214","4/3/26 7:44:47 AM","https://www.google.com/maps?q=40.8170531,-96.7006214"
"Android","40.8170531","-96.7006214","4/3/26 7:44:47 AM","https://www.google.com/maps?q=40.8170531,-96.7006214"
"Android","40.8170531","-96.7006214","4/3/26 7:44:47 AM","https://www.google.com/maps?q=40.8170531,-96.7006214"
"Android","40.803554","-96.7032293","4/3/26 11:31:10 AM","https://www.google.com/maps?q=40.803554,-96.7032293"
"Android","40.810383","-96.7050317","4/3/26 11:46:19 AM","https://www.google.com/maps?q=40.810383,-96.7050317"
"Android","40.8103542","-96.7050246","4/3/26 11:51:14 AM","https://www.google.com/maps?q=40.8103542,-96.7050246"
"Android","40.7979948","-96.6999096","4/4/26 7:45:48 AM","https://www.google.com/maps?q=40.7979948,-96.6999096"
"Android","40.7979609","-96.7000155","4/4/26 7:46:30 AM","https://www.google.com/maps?q=40.7979609,-96.7000155"
"Android","40.797946","-96.7000343","4/4/26 7:47:04 AM","https://www.google.com/maps?q=40.797946,-96.7000343"
"Android","40.7979584","-96.7001471","4/4/26 7:50:21 AM","https://www.google.com/maps?q=40.7979584,-96.7001471"
"iPhone","40.80311799185446","-96.61468866617","4/4/26 12:22:03 PM","https://www.google.com/maps?q=40.80311799185446,-96.61468866617"
"iPhone","40.80307621668757","-96.61484553893928","4/4/26 12:22:14 PM","https://www.google.com/maps?q=40.80307621668757,-96.61484553893928"
"Android","40.8138364","-96.6876595","4/6/26 1:04:50 PM","https://www.google.com/maps?q=40.8138364,-96.6876595"
