"Device","Date & Time","Latitude","Longitude","Google Maps"
"Android","07/29/26 10:50 AM","40.7357062","-96.5978129","https://www.google.com/maps?q=40.7357062,-96.5978129"
"Android","07/10/26 03:07 PM","40.7358109","-96.5979081","https://www.google.com/maps?q=40.7358109,-96.5979081"
"Android","07/06/26 03:06 PM","40.7356848","-96.5979142","https://www.google.com/maps?q=40.7356848,-96.5979142"
"Android","07/03/26 03:52 PM","40.735857","-96.597956","https://www.google.com/maps?q=40.735857,-96.597956"
"Android","07/22/26 10:52 AM","40.7357302","-96.5979584","https://www.google.com/maps?q=40.7357302,-96.5979584"
"Android","07/17/26 03:15 PM","40.7357073","-96.5979685","https://www.google.com/maps?q=40.7357073,-96.5979685"
"Android","07/22/26 04:38 PM","40.7358982","-96.599037","https://www.google.com/maps?q=40.7358982,-96.599037"
"iPhone","07/01/26 01:51 PM","40.8132959658196","-96.6078421339838","https://www.google.com/maps?q=40.81329596581957,-96.60784213398382"
"iPhone","07/28/26 01:48 PM","40.8110177561052","-96.6130780970541","https://www.google.com/maps?q=40.811017756105194,-96.61307809705406"
"Windows","03/31/26 01:18 PM","40.80319939","-96.61348097","https://www.google.com/maps?q=40.80319938740073,-96.6134809733094"
"Windows","03/31/26 12:26 PM","40.80307472","-96.61364961","https://www.google.com/maps?q=40.80307472294084,-96.61364960997496"
"iPhone","05/31/26 03:33 PM","40.80301417","-96.61467343","https://www.google.com/maps?q=40.80301417166618,-96.61467343125554"
"iPhone","04/04/26 12:22 PM","40.80311799","-96.61468867","https://www.google.com/maps?q=40.80311799185446,-96.61468866617"
"iPhone","07/29/26 12:59 PM","40.8031164546524","-96.6147171934468","https://www.google.com/maps?q=40.80311645465241,-96.61471719344678"
"Windows","05/31/26 03:01 PM","40.80318829","-96.61472782","https://www.google.com/maps?q=40.80318828566433,-96.61472781518214"
"Android","05/31/26 06:23 AM","40.8030333","-96.6147293","https://www.google.com/maps?q=40.8030333,-96.6147293"
"iPhone","03/24/26 05:38 PM","40.80311685","-96.61476015","https://www.google.com/maps?q=40.803116848399895,-96.61476014858604"
"Windows","05/31/26 03:18 PM","40.80314106","-96.61477863","https://www.google.com/maps?q=40.80314106033332,-96.61477862852927"
"iPhone","03/24/26 05:38 PM","40.80308238","-96.61480616","https://www.google.com/maps?q=40.80308238293723,-96.61480615663457"
"iPhone","03/19/26 10:16 PM","40.80308262","-96.61482258","https://www.google.com/maps?q=40.80308261937596,-96.6148225826757"
"iPhone","04/04/26 12:22 PM","40.80307622","-96.61484554","https://www.google.com/maps?q=40.80307621668757,-96.61484553893928"
"iPhone","03/19/26 10:15 PM","40.8030945","-96.61490049","https://www.google.com/maps?q=40.803094497246384,-96.6149004878688"
"iPhone","06/03/26 01:23 PM","40.80318992","-96.6149348","https://www.google.com/maps?q=40.80318991975066,-96.61493480271089"
"iPhone","03/19/26 10:09 PM","40.80302509","-96.61498963","https://www.google.com/maps?q=40.803025085216724,-96.61498962810452"
"iPhone","06/23/26 01:57 PM","40.8031461402009","-96.6150263756169","https://www.google.com/maps?q=40.80314614020088,-96.61502637561692"
"iPhone","03/24/26 05:37 PM","40.80308423","-96.61503931","https://www.google.com/maps?q=40.803084230999524,-96.6150393097741"
"iPhone","07/06/26 02:52 AM","40.8030130596031","-96.615065418054","https://www.google.com/maps?q=40.80301305960307,-96.61506541805396"
"iPhone","05/29/26 02:00 PM","40.81333771","-96.61514164","https://www.google.com/maps?q=40.8133377063797,-96.6151416375651"
"iPhone","07/29/26 01:49 PM","40.8132821866105","-96.6151630985353","https://www.google.com/maps?q=40.81328218661049,-96.6151630985353"
"iPhone","07/30/26 01:42 PM","40.8070124242568","-96.6152058815892","https://www.google.com/maps?q=40.80701242425678,-96.61520588158915"
"iPhone","06/25/26 01:55 PM","40.8133827103498","-96.6152475383731","https://www.google.com/maps?q=40.8133827103498,-96.6152475383731"
"iPhone","07/28/26 01:54 PM","40.8134247750742","-96.6154290420805","https://www.google.com/maps?q=40.81342477507423,-96.61542904208054"
"Windows","03/19/26 10:06 PM","40.80251635","-96.61547105","https://www.google.com/maps?q=40.80251635463609,-96.61547105211622"
"iPhone","7/31/26 1:56:49 PM","40.813357772155726","-96.61570821108418","https://www.google.com/maps?q=40.813357772155726,-96.61570821108418"
"iPhone","07/30/26 01:56 PM","40.813107598402","-96.6162649617838","https://www.google.com/maps?q=40.813107598401984,-96.6162649617838"
"iPhone","06/03/26 01:52 PM","40.8134716","-96.61696946","https://www.google.com/maps?q=40.81347160172459,-96.61696946077404"
"iPhone","06/23/26 11:14 AM","40.7841872324088","-96.6247958123774","https://www.google.com/maps?q=40.78418723240881,-96.62479581237736"
"iPhone","03/21/26 07:12 PM","40.7894643079623","-96.6249806189584","https://www.google.com/maps?q=40.78946430796225,-96.62498061895843"
"iPhone","02/16/26 05:58 PM","40.8036018159641","-96.6251192661456","https://www.google.com/maps?q=40.80360181596407,-96.62511926614555"
"iPhone","04/24/26 02:59 PM","40.80336912","-96.62518847","https://www.google.com/maps?q=40.80336911511075,-96.62518847189949"
"iPhone","04/24/26 02:55 PM","40.80356413","-96.6252157","https://www.google.com/maps?q=40.80356412825572,-96.62521570087252"
"Android","07/17/26 02:01 PM","40.812314","-96.6265157","https://www.google.com/maps?q=40.812314,-96.6265157"
"Android","07/17/26 01:58 PM","40.8121847","-96.6267581","https://www.google.com/maps?q=40.8121847,-96.6267581"
"iPhone","02/02/26 07:59 PM","40.7989303731983","-96.628167726781","https://www.google.com/maps?q=40.798930373198274,-96.62816772678099"
"Android","07/07/26 01:49 PM","40.8135062","-96.6281874","https://www.google.com/maps?q=40.8135062,-96.6281874"
"Android","07/07/26 02:48 PM","40.8125866","-96.6293623","https://www.google.com/maps?q=40.8125866,-96.6293623"
"Android","07/07/26 02:42 PM","40.8124075","-96.6297886","https://www.google.com/maps?q=40.8124075,-96.6297886"
"Android","07/07/26 03:01 PM","40.8124612","-96.6300104","https://www.google.com/maps?q=40.8124612,-96.6300104"
"Android","07/30/26 11:03 AM","40.8123523","-96.6307555","https://www.google.com/maps?q=40.8123523,-96.6307555"
"Android","07/31/26 11:01 AM","40.8122218","-96.6308164","https://www.google.com/maps?q=40.8122218,-96.6308164"
"Android","07/07/26 02:06 PM","40.8124278","-96.6310196","https://www.google.com/maps?q=40.8124278,-96.6310196"
"Android","04/03/26 06:53 AM","40.8568013","-96.6329227","https://www.google.com/maps?q=40.8568013,-96.6329227"
"Android","7/31/26 5:51:07 PM","40.8571761","-96.6336784","https://www.google.com/maps?q=40.8571761,-96.6336784"
"Android","07/03/26 12:07 PM","40.8569625","-96.6372262","https://www.google.com/maps?q=40.8569625,-96.6372262"
"Android","07/24/26 01:08 PM","40.815486","-96.6377162","https://www.google.com/maps?q=40.815486,-96.6377162"
"Android","06/03/26 09:04 AM","40.8153424","-96.6378289","https://www.google.com/maps?q=40.8153424,-96.6378289"
"Android","07/07/26 02:14 PM","40.8153085","-96.6378303","https://www.google.com/maps?q=40.8153085,-96.6378303"
"Android","07/03/26 12:26 PM","40.856833","-96.6383853","https://www.google.com/maps?q=40.856833,-96.6383853"
"Android","07/11/26 08:20 AM","40.8173845","-96.6421991","https://www.google.com/maps?q=40.8173845,-96.6421991"
"Android","07/18/26 08:21 AM","40.8171724","-96.6425617","https://www.google.com/maps?q=40.8171724,-96.6425617"
"Android","07/18/26 08:14 AM","40.817213","-96.6426509","https://www.google.com/maps?q=40.817213,-96.6426509"
"Android","07/28/26 09:04 AM","40.8172558","-96.6427299","https://www.google.com/maps?q=40.8172558,-96.6427299"
"Android","07/25/26 08:23 AM","40.8171354","-96.6427932","https://www.google.com/maps?q=40.8171354,-96.6427932"
"Android","06/23/26 08:54 AM","40.8171517","-96.6428044","https://www.google.com/maps?q=40.8171517,-96.6428044"
"Android","07/21/26 09:34 AM","40.8173649","-96.6428701","https://www.google.com/maps?q=40.8173649,-96.6428701"
"Android","07/31/26 08:36 AM","40.8173576","-96.6428824","https://www.google.com/maps?q=40.8173576,-96.6428824"
"Android","07/27/26 08:06 AM","40.8172314","-96.6428932","https://www.google.com/maps?q=40.8172314,-96.6428932"
"Android","07/11/26 08:13 AM","40.8172454","-96.6429038","https://www.google.com/maps?q=40.8172454,-96.6429038"
"iPhone","07/06/26 01:27 PM","40.7513972399708","-96.644837540435","https://www.google.com/maps?q=40.75139723997083,-96.64483754043503"
"Android","02/13/26 08:38 AM","40.8191433","-96.6537917","https://www.google.com/maps?q=40.8191433,-96.6537917"
"Android","07/06/26 12:29 PM","40.8165085","-96.6548655","https://www.google.com/maps?q=40.8165085,-96.6548655"
"Android","07/06/26 12:38 PM","40.8167635","-96.65489","https://www.google.com/maps?q=40.8167635,-96.65489"
"Android","07/06/26 12:28 PM","40.8160151","-96.6549229","https://www.google.com/maps?q=40.8160151,-96.6549229"
"Android","03/30/26 11:24 AM","40.8171565","-96.6549487","https://www.google.com/maps?q=40.8171565,-96.6549487"
"Android","07/20/26 03:19 PM","40.7918968","-96.6556404","https://www.google.com/maps?q=40.7918968,-96.6556404"
"Android","07/22/26 05:04 PM","40.7921301","-96.6558594","https://www.google.com/maps?q=40.7921301,-96.6558594"
"Android","07/22/26 04:52 PM","40.7921441","-96.6558857","https://www.google.com/maps?q=40.7921441,-96.6558857"
"Android","07/04/26 08:41 PM","40.8468468468468","-96.6568812806877","https://www.google.com/maps?q=40.846846846846844,-96.65688128068773"
"Android","07/06/26 12:45 PM","40.813774","-96.6586514","https://www.google.com/maps?q=40.813774,-96.6586514"
"Android","07/08/26 01:08 PM","40.8136998","-96.658668","https://www.google.com/maps?q=40.8136998,-96.658668"
"Android","07/08/26 01:11 PM","40.8136714","-96.6586745","https://www.google.com/maps?q=40.8136714,-96.6586745"
"Android","03/23/26 08:27 PM","40.8372399","-96.6592085","https://www.google.com/maps?q=40.8372399,-96.6592085"
"Android","07/13/26 01:25 PM","40.760646","-96.6626988","https://www.google.com/maps?q=40.760646,-96.6626988"
"Android","07/27/26 12:18 PM","40.7914229","-96.6648034","https://www.google.com/maps?q=40.7914229,-96.6648034"
"Android","06/01/26 03:22 PM","40.7847025","-96.6674948","https://www.google.com/maps?q=40.7847025,-96.6674948"
"Android","07/11/26 11:16 AM","40.8155096","-96.6685288","https://www.google.com/maps?q=40.8155096,-96.6685288"
"Android","07/20/26 01:18 AM","40.8165288","-96.6685737","https://www.google.com/maps?q=40.8165288,-96.6685737"
"Android","07/26/26 09:05 PM","40.8154317","-96.6686147","https://www.google.com/maps?q=40.8154317,-96.6686147"
"Android","06/04/26 07:23 AM","40.8165128","-96.6686975","https://www.google.com/maps?q=40.8165128,-96.6686975"
"Android","07/26/26 11:39 AM","40.8157015","-96.668734","https://www.google.com/maps?q=40.8157015,-96.668734"
"Android","06/26/26 08:59 AM","40.8164732","-96.668823","https://www.google.com/maps?q=40.8164732,-96.668823"
"Android","07/01/26 07:01 AM","40.8161342","-96.6689572","https://www.google.com/maps?q=40.8161342,-96.6689572"
"Android","07/01/26 10:25 AM","40.8155323","-96.6690475","https://www.google.com/maps?q=40.8155323,-96.6690475"
"Android","06/03/26 08:22 AM","40.8135047","-96.669789","https://www.google.com/maps?q=40.8135047,-96.669789"
"Android","06/03/26 02:41 PM","40.8132841","-96.6704137","https://www.google.com/maps?q=40.8132841,-96.6704137"
"Android","07/08/26 10:34 AM","40.8133236","-96.670595","https://www.google.com/maps?q=40.8133236,-96.670595"
"Android","07/13/26 10:55 AM","40.8133013","-96.6706487","https://www.google.com/maps?q=40.8133013,-96.6706487"
"Android","07/13/26 10:45 AM","40.8136843","-96.6707103","https://www.google.com/maps?q=40.8136843,-96.6707103"
"Android","07/08/26 10:41 AM","40.8135253","-96.6707877","https://www.google.com/maps?q=40.8135253,-96.6707877"
"Android","07/01/26 07:32 AM","40.8135149","-96.6708908","https://www.google.com/maps?q=40.8135149,-96.6708908"
"Android","07/01/26 07:25 AM","40.8135277","-96.6709035","https://www.google.com/maps?q=40.8135277,-96.6709035"
"Android","06/01/26 07:40 AM","40.8133421","-96.6713485","https://www.google.com/maps?q=40.8133421,-96.6713485"
"Android","07/08/26 10:42 AM","40.813751","-96.6727479","https://www.google.com/maps?q=40.813751,-96.6727479"
"Android","03/05/26 10:06 AM","40.8337228","-96.6744373","https://www.google.com/maps?q=40.8337228,-96.6744373"
"Android","07/20/26 06:27 AM","40.8218275","-96.6749493","https://www.google.com/maps?q=40.8218275,-96.6749493"
"Android","07/20/26 06:44 AM","40.820784","-96.677018","https://www.google.com/maps?q=40.820784,-96.677018"
"Android","03/26/26 10:00 AM","40.8592852","-96.6784792","https://www.google.com/maps?q=40.8592852,-96.6784792"
"Android","03/30/26 04:35 PM","40.8180181","-96.6811473","https://www.google.com/maps?q=40.8180181,-96.6811473"
"Android","03/30/26 04:42 PM","40.8181007","-96.6811629","https://www.google.com/maps?q=40.8181007,-96.6811629"
"Android","04/24/26 05:58 PM","40.8269974","-96.6817872","https://www.google.com/maps?q=40.8269974,-96.6817872"
"Android","04/25/26 06:16 PM","40.808771","-96.6820161","https://www.google.com/maps?q=40.808771,-96.6820161"
"Android","04/25/26 06:11 PM","40.8087708","-96.6820582","https://www.google.com/maps?q=40.8087708,-96.6820582"
"iPhone","07/07/26 05:05 PM","40.7963145224289","-96.6823821033589","https://www.google.com/maps?q=40.79631452242885,-96.68238210335885"
"iPhone","07/07/26 05:04 PM","40.7962369383792","-96.6824201314355","https://www.google.com/maps?q=40.79623693837919,-96.68242013143546"
"Android","04/25/26 06:28 PM","40.8060187","-96.682897","https://www.google.com/maps?q=40.8060187,-96.682897"
"Android","06/03/26 04:09 PM","40.8129664","-96.6843329","https://www.google.com/maps?q=40.8129664,-96.6843329"
"Android","07/10/26 12:18 PM","40.7288941","-96.6844561","https://www.google.com/maps?q=40.7288941,-96.6844561"
"Android","04/06/26 01:04 PM","40.8138364","-96.6876595","https://www.google.com/maps?q=40.8138364,-96.6876595"
"iPhone","7/31/26 7:33:28 PM","40.79884193016143","-96.68964317570247","https://www.google.com/maps?q=40.79884193016143,-96.68964317570247"
"iPhone","07/18/26 03:38 AM","40.7971084841788","-96.6908015317615","https://www.google.com/maps?q=40.7971084841788,-96.69080153176154"
"iPhone","07/30/26 05:30 PM","40.7971654015817","-96.6908148124263","https://www.google.com/maps?q=40.797165401581665,-96.69081481242625"
"iPhone","07/29/26 06:13 PM","40.7971530363501","-96.6908412584247","https://www.google.com/maps?q=40.797153036350124,-96.6908412584247"
"Android","02/21/26 08:05 AM","40.807027","-96.6939224","https://www.google.com/maps?q=40.807027,-96.6939224"
"Android","02/21/26 08:16 AM","40.8070127","-96.6939534","https://www.google.com/maps?q=40.8070127,-96.6939534"
"Android","02/09/26 04:42 PM","40.807115","-96.6940086","https://www.google.com/maps?q=40.807115,-96.6940086"
"Android","07/27/26 05:43 AM","40.8439943","-96.6966832","https://www.google.com/maps?q=40.8439943,-96.6966832"
"Android","07/27/26 05:44 AM","40.8440025","-96.6966942","https://www.google.com/maps?q=40.8440025,-96.6966942"
"iPhone","02/11/26 05:24 PM","40.7972987459791","-96.6967713213245","https://www.google.com/maps?q=40.79729874597913,-96.69677132132449"
"iPhone","07/28/26 07:12 AM","40.8052187362746","-96.6979527149923","https://www.google.com/maps?q=40.80521873627463,-96.69795271499234"
"iPhone","03/09/26 04:27 PM","40.7997489713085","-96.6982758914715","https://www.google.com/maps?q=40.79974897130851,-96.6982758914715"
"Android","07/14/26 09:57 AM","40.8114323","-96.6994806","https://www.google.com/maps?q=40.8114323,-96.6994806"
"Android","07/09/26 04:02 PM","40.8112331","-96.6996344","https://www.google.com/maps?q=40.8112331,-96.6996344"
"Android","04/04/26 07:45 AM","40.7979948","-96.6999096","https://www.google.com/maps?q=40.7979948,-96.6999096"
"Android","07/10/26 02:12 PM","40.8113565","-96.6999178","https://www.google.com/maps?q=40.8113565,-96.6999178"
"Android","04/26/26 01:02 AM","40.7980304","-96.6999553","https://www.google.com/maps?q=40.7980304,-96.6999553"
"iPhone","01/29/26 08:58 AM","40.7978348852603","-96.6999803507207","https://www.google.com/maps?q=40.797834885260315,-96.69998035072067"
"Windows","04/24/26 06:58 PM","40.798132","-96.700005","https://www.google.com/maps?q=40.798132,-96.700005"
"Android","04/04/26 07:46 AM","40.7979609","-96.7000155","https://www.google.com/maps?q=40.7979609,-96.7000155"
"Android","04/04/26 07:47 AM","40.797946","-96.7000343","https://www.google.com/maps?q=40.797946,-96.7000343"
"Android","04/04/26 07:50 AM","40.7979584","-96.7001471","https://www.google.com/maps?q=40.7979584,-96.7001471"
"Android","07/09/26 12:57 PM","40.8114023","-96.7002534","https://www.google.com/maps?q=40.8114023,-96.7002534"
"Android","07/31/26 08:27 AM","40.8115087","-96.7006148","https://www.google.com/maps?q=40.8115087,-96.7006148"
"Android","04/03/26 07:44 AM","40.8170531","-96.7006214","https://www.google.com/maps?q=40.8170531,-96.7006214"
"Android","07/24/26 12:30 PM","40.8115362","-96.700631","https://www.google.com/maps?q=40.8115362,-96.700631"
"Android","07/24/26 12:27 PM","40.8114864","-96.7006565","https://www.google.com/maps?q=40.8114864,-96.7006565"
"Android","07/29/26 09:13 AM","40.8111576","-96.7006809","https://www.google.com/maps?q=40.8111576,-96.7006809"
"Android","07/16/26 02:45 PM","40.8112435","-96.700696","https://www.google.com/maps?q=40.8112435,-96.700696"
"Android","06/26/26 01:10 PM","40.8113344","-96.7007315","https://www.google.com/maps?q=40.8113344,-96.7007315"
"Android","07/24/26 03:57 PM","40.8117138","-96.7008022","https://www.google.com/maps?q=40.8117138,-96.7008022"
"Android","07/30/26 01:02 PM","40.8111785","-96.7008067","https://www.google.com/maps?q=40.8111785,-96.7008067"
"Android","07/23/26 06:35 PM","40.7961497","-96.7008116","https://www.google.com/maps?q=40.7961497,-96.7008116"
"Android","06/23/26 12:12 PM","40.81288","-96.7008449","https://www.google.com/maps?q=40.81288,-96.7008449"
"Android","07/23/26 09:06 AM","40.8116952","-96.700951","https://www.google.com/maps?q=40.8116952,-96.700951"
"Android","07/31/26 08:28 AM","40.7960851","-96.7009837","https://www.google.com/maps?q=40.7960851,-96.7009837"
"Android","07/24/26 12:15 PM","40.8115005","-96.7009905","https://www.google.com/maps?q=40.8115005,-96.7009905"
"Android","06/23/26 09:57 AM","40.8115776","-96.701036","https://www.google.com/maps?q=40.8115776,-96.701036"
"Android","07/17/26 02:27 PM","40.8115617","-96.7010588","https://www.google.com/maps?q=40.8115617,-96.7010588"
"Android","06/01/26 09:19 AM","40.8113294","-96.7010611","https://www.google.com/maps?q=40.8113294,-96.7010611"
"Android","07/22/26 09:13 AM","40.8115649","-96.7011224","https://www.google.com/maps?q=40.8115649,-96.7011224"
"Android","07/01/26 06:07 PM","40.810643","-96.7011877","https://www.google.com/maps?q=40.810643,-96.7011877"
"Android","07/17/26 03:54 PM","40.8112646","-96.7017349","https://www.google.com/maps?q=40.8112646,-96.7017349"
"Android","07/17/26 12:31 PM","40.8121084","-96.7017664","https://www.google.com/maps?q=40.8121084,-96.7017664"
"Android","03/31/26 02:37 PM","40.815885","-96.7017833","https://www.google.com/maps?q=40.815885,-96.7017833"
"Android","07/10/26 04:03 PM","40.8113228","-96.7018097","https://www.google.com/maps?q=40.8113228,-96.7018097"
"Android","07/09/26 12:04 PM","40.8120188","-96.701923","https://www.google.com/maps?q=40.8120188,-96.701923"
"Android","07/03/26 05:15 PM","40.8119045","-96.7019612","https://www.google.com/maps?q=40.8119045,-96.7019612"
"Android","07/22/26 06:57 PM","40.812149","-96.702006","https://www.google.com/maps?q=40.812149,-96.702006"
"Android","07/17/26 12:13 PM","40.8119245","-96.7020587","https://www.google.com/maps?q=40.8119245,-96.7020587"
"Android","07/14/26 09:04 AM","40.8122289","-96.702087","https://www.google.com/maps?q=40.8122289,-96.702087"
"Android","07/09/26 12:28 PM","40.8120198","-96.7020941","https://www.google.com/maps?q=40.8120198,-96.7020941"
"Android","07/07/26 11:48 AM","40.8118939","-96.7021048","https://www.google.com/maps?q=40.8118939,-96.7021048"
"Android","07/03/26 02:44 PM","40.8120334","-96.7021107","https://www.google.com/maps?q=40.8120334,-96.7021107"
"Android","07/16/26 02:42 PM","40.8120266","-96.7021116","https://www.google.com/maps?q=40.8120266,-96.7021116"
"Android","07/29/26 11:39 AM","40.8119619","-96.7021491","https://www.google.com/maps?q=40.8119619,-96.7021491"
"Android","07/14/26 08:28 AM","40.8119974","-96.7022513","https://www.google.com/maps?q=40.8119974,-96.7022513"
"Android","07/22/26 03:52 PM","40.8119996","-96.7023695","https://www.google.com/maps?q=40.8119996,-96.7023695"
"Android","07/13/26 12:41 PM","40.7920959","-96.7024479","https://www.google.com/maps?q=40.7920959,-96.7024479"
"Android","06/26/26 12:31 PM","40.792105","-96.702472","https://www.google.com/maps?q=40.792105,-96.702472"
"Android","07/24/26 11:43 AM","40.7920807","-96.7024916","https://www.google.com/maps?q=40.7920807,-96.7024916"
"Android","07/10/26 11:30 AM","40.7909884","-96.7024971","https://www.google.com/maps?q=40.7909884,-96.7024971"
"Android","07/13/26 12:33 PM","40.7921066","-96.7025741","https://www.google.com/maps?q=40.7921066,-96.7025741"
"Android","07/16/26 12:11 PM","40.792219","-96.7025761","https://www.google.com/maps?q=40.792219,-96.7025761"
"Android","07/20/26 01:08 PM","40.7922371","-96.7026195","https://www.google.com/maps?q=40.7922371,-96.7026195"
"iPhone","07/29/26 02:39 PM","40.8105386355858","-96.7026452218126","https://www.google.com/maps?q=40.81053863558584,-96.70264522181257"
"Android","07/09/26 11:44 AM","40.7920967","-96.70269","https://www.google.com/maps?q=40.7920967,-96.70269"
"Android","07/20/26 11:43 AM","40.7924336","-96.7027113","https://www.google.com/maps?q=40.7924336,-96.7027113"
"iPhone","07/30/26 06:04 PM","40.7989625597977","-96.7027454059286","https://www.google.com/maps?q=40.798962559797744,-96.70274540592861"
"Android","07/24/26 03:26 PM","40.7921425","-96.7027644","https://www.google.com/maps?q=40.7921425,-96.7027644"
"Android","07/15/26 11:16 AM","40.7925657","-96.7027703","https://www.google.com/maps?q=40.7925657,-96.7027703"
"iPhone","07/29/26 02:34 PM","40.8105641403112","-96.702789137296","https://www.google.com/maps?q=40.810564140311165,-96.70278913729598"
"iPhone","02/16/26 08:42 PM","40.7991395772281","-96.7028013303431","https://www.google.com/maps?q=40.7991395772281,-96.70280133034312"
"Android","07/06/26 12:13 PM","40.7920113","-96.7028262","https://www.google.com/maps?q=40.7920113,-96.7028262"
"iPhone","03/19/26 06:32 PM","40.79118971","-96.70283405","https://www.google.com/maps?q=40.79118971294071,-96.70283404877173"
"iPhone","03/23/26 05:09 PM","40.7799819","-96.70287178","https://www.google.com/maps?q=40.77998190253804,-96.70287177893042"
"iPhone","03/23/26 04:26 PM","40.79844312","-96.70288276","https://www.google.com/maps?q=40.79844311874851,-96.70288275529845"
"iPhone","03/19/26 06:27 PM","40.79107614","-96.70295313","https://www.google.com/maps?q=40.79107613674124,-96.70295312574333"
"Android","07/10/26 08:49 AM","40.8113959","-96.7029807","https://www.google.com/maps?q=40.8113959,-96.7029807"
"Android","04/03/26 11:31 AM","40.803554","-96.7032293","https://www.google.com/maps?q=40.803554,-96.7032293"
"Android","7/31/26 1:11:29 PM","40.8158133","-96.7035487","https://www.google.com/maps?q=40.8158133,-96.7035487"
"Android","07/27/26 04:11 PM","40.7922215","-96.7037184","https://www.google.com/maps?q=40.7922215,-96.7037184"
"Android","06/23/26 09:00 AM","40.816137","-96.7039489","https://www.google.com/maps?q=40.816137,-96.7039489"
"Android","06/23/26 09:17 AM","40.8161548","-96.7039726","https://www.google.com/maps?q=40.8161548,-96.7039726"
"Android","06/23/26 08:46 AM","40.8161245","-96.7040335","https://www.google.com/maps?q=40.8161245,-96.7040335"
"Android","06/23/26 05:41 AM","40.8103749","-96.7047498","https://www.google.com/maps?q=40.8103749,-96.7047498"
"Android","05/30/26 11:40 AM","40.8104229","-96.7049882","https://www.google.com/maps?q=40.8104229,-96.7049882"
"Android","05/30/26 11:24 AM","40.8104007","-96.7050136","https://www.google.com/maps?q=40.8104007,-96.7050136"
"Android","04/03/26 11:51 AM","40.8103542","-96.7050246","https://www.google.com/maps?q=40.8103542,-96.7050246"
"Android","04/03/26 11:46 AM","40.810383","-96.7050317","https://www.google.com/maps?q=40.810383,-96.7050317"
"Android","04/24/26 06:19 PM","40.8103102","-96.7050933","https://www.google.com/maps?q=40.8103102,-96.7050933"
"Android","07/06/26 01:17 PM","40.8102538","-96.7051152","https://www.google.com/maps?q=40.8102538,-96.7051152"
"Android","07/22/26 03:39 PM","40.8083686","-96.7051824","https://www.google.com/maps?q=40.8083686,-96.7051824"
"Android","07/06/26 12:57 PM","40.8103642","-96.7052193","https://www.google.com/maps?q=40.8103642,-96.7052193"
"Android","04/01/26 05:58 PM","40.8103127","-96.7052364","https://www.google.com/maps?q=40.8103127,-96.7052364"
"Android","07/06/26 01:11 PM","40.8103114","-96.7052405","https://www.google.com/maps?q=40.8103114,-96.7052405"
"Android","02/17/26 02:57 PM","40.8102959","-96.7053601","https://www.google.com/maps?q=40.8102959,-96.7053601"
"Android","07/22/26 06:53 PM","40.8100616","-96.7054395","https://www.google.com/maps?q=40.8100616,-96.7054395"
"Android","07/17/26 04:28 PM","40.8102111","-96.7054407","https://www.google.com/maps?q=40.8102111,-96.7054407"
"Android","07/27/26 04:21 PM","40.8083914","-96.7054728","https://www.google.com/maps?q=40.8083914,-96.7054728"
"Android","04/24/26 03:23 PM","40.8103004","-96.7055072","https://www.google.com/maps?q=40.8103004,-96.7055072"
"Android","07/06/26 01:13 PM","40.8104544","-96.7055559","https://www.google.com/maps?q=40.8104544,-96.7055559"
"iPhone","07/30/26 02:45 PM","40.8104130033858","-96.7055747337774","https://www.google.com/maps?q=40.81041300338578,-96.70557473377737"
"Android","07/22/26 03:34 PM","40.8084675","-96.7055998","https://www.google.com/maps?q=40.8084675,-96.7055998"
"Android","7/31/26 5:06:50 PM","40.8101664","-96.7056119","https://www.google.com/maps?q=40.8101664,-96.7056119"
"Android","07/06/26 09:48 AM","40.8105554","-96.7056536","https://www.google.com/maps?q=40.8105554,-96.7056536"
"iPhone","05/29/26 02:46 PM","40.81063512","-96.70566431","https://www.google.com/maps?q=40.81063511986845,-96.70566430760003"
"iPhone","06/25/26 02:41 PM","40.8105897038957","-96.7056677434935","https://www.google.com/maps?q=40.810589703895744,-96.70566774349348"
"iPhone","06/03/26 02:42 PM","40.81062797","-96.70568982","https://www.google.com/maps?q=40.81062796644336,-96.70568981922646"
"Android","07/24/26 01:54 PM","40.8106318","-96.7056971","https://www.google.com/maps?q=40.8106318,-96.7056971"
"iPhone","01/30/26 11:25 AM","40.8105368849023","-96.7057035585474","https://www.google.com/maps?q=40.81053688490234,-96.7057035585474"
"iPhone","07/01/26 02:47 PM","40.8104783802313","-96.7057164716867","https://www.google.com/maps?q=40.81047838023129,-96.70571647168673"
"iPhone","07/28/26 02:40 PM","40.8103952608958","-96.7057399642636","https://www.google.com/maps?q=40.81039526089575,-96.70573996426356"
"iPhone","7/31/26 2:45:29 PM","40.81062756024014","-96.70574765919923","https://www.google.com/maps?q=40.81062756024014,-96.70574765919923"
"Android","06/23/26 08:16 AM","40.8145118","-96.705765","https://www.google.com/maps?q=40.8145118,-96.705765"
"Android","07/13/26 12:58 PM","40.8081386","-96.7057826","https://www.google.com/maps?q=40.8081386,-96.7057826"
"Android","07/10/26 09:20 AM","40.8083956","-96.7058484","https://www.google.com/maps?q=40.8083956,-96.7058484"
"Android","07/24/26 11:59 AM","40.8083756","-96.7058595","https://www.google.com/maps?q=40.8083756,-96.7058595"
"Android","07/29/26 11:59 AM","40.8148542","-96.7058616","https://www.google.com/maps?q=40.8148542,-96.7058616"
"Android","07/16/26 12:32 PM","40.8083434","-96.7058974","https://www.google.com/maps?q=40.8083434,-96.7058974"
"iPhone","02/16/26 08:54 PM","40.8099569928357","-96.7059298892032","https://www.google.com/maps?q=40.80995699283566,-96.70592988920323"
"Android","07/27/26 08:24 AM","40.8104142","-96.7059517","https://www.google.com/maps?q=40.8104142,-96.7059517"
"Android","07/20/26 01:18 PM","40.8082029","-96.7062388","https://www.google.com/maps?q=40.8082029,-96.7062388"
"Android","07/09/26 08:51 AM","40.8082021","-96.7063494","https://www.google.com/maps?q=40.8082021,-96.7063494"
"Android","07/22/26 03:27 PM","40.8080391","-96.7064498","https://www.google.com/maps?q=40.8080391,-96.7064498"
"Android","07/16/26 06:31 AM","40.8079138","-96.7064994","https://www.google.com/maps?q=40.8079138,-96.7064994"
"Android","07/15/26 11:27 AM","40.8079517","-96.7065315","https://www.google.com/maps?q=40.8079517,-96.7065315"
"Android","07/09/26 11:55 AM","40.8080067","-96.7065864","https://www.google.com/maps?q=40.8080067,-96.7065864"
"iPhone","07/17/26 07:08 AM","40.8012537322892","-96.7069384319574","https://www.google.com/maps?q=40.80125373228922,-96.70693843195735"
"iPhone","05/29/26 02:49 PM","40.81545041","-96.70706206","https://www.google.com/maps?q=40.81545040816541,-96.70706206269796"
"Android","07/27/26 06:37 AM","40.8139237","-96.7070647","https://www.google.com/maps?q=40.8139237,-96.7070647"
"Android","07/20/26 07:47 AM","40.8146444","-96.7071635","https://www.google.com/maps?q=40.8146444,-96.7071635"
"Android","07/06/26 03:20 PM","40.8010376","-96.7072041","https://www.google.com/maps?q=40.8010376,-96.7072041"
"Android","07/03/26 10:45 AM","40.8145914","-96.7072547","https://www.google.com/maps?q=40.8145914,-96.7072547"
"Android","07/21/26 11:21 AM","40.808462","-96.7074298","https://www.google.com/maps?q=40.808462,-96.7074298"
"Android","05/30/26 09:59 AM","40.7905215","-96.7076816","https://www.google.com/maps?q=40.7905215,-96.7076816"
"Android","07/20/26 12:21 PM","40.8159578","-96.7099492","https://www.google.com/maps?q=40.8159578,-96.7099492"
"Android","06/26/26 11:38 AM","40.8530845","-96.722103","https://www.google.com/maps?q=40.8530845,-96.722103"
"Android","06/26/26 10:06 AM","40.8578698","-96.7285419","https://www.google.com/maps?q=40.8578698,-96.7285419"
"Android","06/23/26 11:06 AM","40.857841","-96.7299659","https://www.google.com/maps?q=40.857841,-96.7299659"
"Android","04/24/26 03:12 PM","40.8147429","-96.731169","https://www.google.com/maps?q=40.8147429,-96.731169"
"Android","07/03/26 10:11 AM","40.8371463","-96.7359524","https://www.google.com/maps?q=40.8371463,-96.7359524"
"Android","07/03/26 10:09 AM","40.8373955","-96.7359754","https://www.google.com/maps?q=40.8373955,-96.7359754"
"Android","07/03/26 10:13 AM","40.8371854","-96.7359831","https://www.google.com/maps?q=40.8371854,-96.7359831"
"Android","07/06/26 09:21 AM","40.837753","-96.7362712","https://www.google.com/maps?q=40.837753,-96.7362712"
"iPhone","07/30/26 10:43 AM","40.7927791007143","-96.739343980183","https://www.google.com/maps?q=40.79277910071431,-96.73934398018302"
"iPhone","07/30/26 10:39 AM","40.7928243827666","-96.7394338975004","https://www.google.com/maps?q=40.79282438276661,-96.73943389750043"
"Android","06/01/26 08:08 AM","40.8148722","-96.73983","https://www.google.com/maps?q=40.8148722,-96.73983"
"Android","07/22/26 06:06 PM","40.8441278","-96.7400355","https://www.google.com/maps?q=40.8441278,-96.7400355"
"Android","02/17/26 02:44 PM","40.8171106","-96.7414089","https://www.google.com/maps?q=40.8171106,-96.7414089"
"iPhone","07/30/26 11:42 AM","40.8020838026","-96.7453274819765","https://www.google.com/maps?q=40.802083802600045,-96.7453274819765"
"Android","07/08/26 12:40 PM","40.8155962","-96.7500462","https://www.google.com/maps?q=40.8155962,-96.7500462"
"Android","03/30/26 10:06 AM","40.8156534","-96.750422","https://www.google.com/maps?q=40.8156534,-96.750422"
"Android","04/24/26 03:06 PM","40.8157778","-96.7504975","https://www.google.com/maps?q=40.8157778,-96.7504975"
"Android","04/24/26 02:58 PM","40.8157382","-96.7505068","https://www.google.com/maps?q=40.8157382,-96.7505068"
"Android","07/08/26 12:31 PM","40.8153889","-96.7505829","https://www.google.com/maps?q=40.8153889,-96.7505829"
"Android","03/30/26 10:02 AM","40.8156676","-96.7509059","https://www.google.com/maps?q=40.8156676,-96.7509059"
"Android","03/30/26 10:37 AM","40.815693","-96.7511187","https://www.google.com/maps?q=40.815693,-96.7511187"
"Android","07/20/26 06:36 AM","40.8161942","-96.7516563","https://www.google.com/maps?q=40.8161942,-96.7516563"
"Android","07/16/26 04:07 AM","40.8161788","-96.751661","https://www.google.com/maps?q=40.8161788,-96.751661"
"Android","03/30/26 02:45 PM","40.8162152","-96.7516615","https://www.google.com/maps?q=40.8162152,-96.7516615"
"Android","07/30/26 10:58 AM","40.8161748","-96.7516621","https://www.google.com/maps?q=40.8161748,-96.7516621"
"Android","06/04/26 08:06 AM","40.8161868","-96.7516667","https://www.google.com/maps?q=40.8161868,-96.7516667"
"Android","07/30/26 10:52 AM","40.8161601","-96.7516929","https://www.google.com/maps?q=40.8161601,-96.7516929"
"Android","05/30/26 12:57 PM","40.816316","-96.7517228","https://www.google.com/maps?q=40.816316,-96.7517228"
"Android","05/30/26 12:55 PM","40.8162966","-96.7517257","https://www.google.com/maps?q=40.8162966,-96.7517257"
"Android","07/16/26 06:02 AM","40.8161593","-96.7517373","https://www.google.com/maps?q=40.8161593,-96.7517373"
"Android","03/30/26 02:59 PM","40.8162181","-96.7517426","https://www.google.com/maps?q=40.8162181,-96.7517426"
"Android","03/30/26 08:14 AM","40.8159051","-96.7522255","https://www.google.com/maps?q=40.8159051,-96.7522255"
"Android","03/30/26 10:31 AM","40.8163558","-96.7529757","https://www.google.com/maps?q=40.8163558,-96.7529757"
"Android","03/30/26 08:33 AM","40.8168676","-96.7532093","https://www.google.com/maps?q=40.8168676,-96.7532093"
"Android","03/29/26 09:21 PM","40.8167455","-96.7534446","https://www.google.com/maps?q=40.8167455,-96.7534446"
"iPhone","8/1/26 3:49:07 PM","40.815035865947486","-96.75715975868445","https://www.google.com/maps?q=40.815035865947486,-96.75715975868445"
"Android","8/4/26 12:59:05 PM","40.8148031","-96.7059503","https://www.google.com/maps?q=40.8148031,-96.7059503"
"Android","8/4/26 2:27:41 PM","40.8106144","-96.7056768","https://www.google.com/maps?q=40.8106144,-96.7056768"
"Android","8/4/26 2:22:11 PM","40.8161277","-96.7037413","https://www.google.com/maps?q=40.8161277,-96.7037413"
"Android","8/4/26 2:14:05 PM","40.8159859","-96.7036753","https://www.google.com/maps?q=40.8159859,-96.7036753"
"Android","8/4/26 2:14:44 PM","40.8160838","-96.7035741","https://www.google.com/maps?q=40.8160838,-96.7035741"
"Android","8/4/26 12:27:53 PM","40.8117271","-96.7021504","https://www.google.com/maps?q=40.8117271,-96.7021504"
"Android","8/4/26 2:39:43 PM","40.8120563","-96.7020473","https://www.google.com/maps?q=40.8120563,-96.7020473"
"Android","8/4/26 2:41:02 PM","40.8119036","-96.7019683","https://www.google.com/maps?q=40.8119036,-96.7019683"
"iPhone","8/4/26 8:43:47 PM","40.79714657112744","-96.69084344017791","https://www.google.com/maps?q=40.79714657112744,-96.69084344017791"
"iPhone","8/4/26 8:43:35 PM","40.79714661337275","-96.69084339320956","https://www.google.com/maps?q=40.79714661337275,-96.69084339320956"
"iPhone","8/4/26 8:43:26 PM","40.797085712342664","-96.6908225136036","https://www.google.com/maps?q=40.797085712342664,-96.6908225136036"
"Android","8/1/26 8:21:22 AM","40.81746","-96.6428123","https://www.google.com/maps?q=40.81746,-96.6428123"
"Android","8/3/26 9:09:25 AM","40.8174557","-96.6427589","https://www.google.com/maps?q=40.8174557,-96.6427589"
"Android","8/4/26 9:34:51 AM","40.8173702","-96.642682","https://www.google.com/maps?q=40.8173702,-96.642682"
"Android","8/4/26 3:31:32 PM","40.8136854","-96.6282409","https://www.google.com/maps?q=40.8136854,-96.6282409"
"Android","8/4/26 1:33:48 PM","40.8491524","-96.6036698","https://www.google.com/maps?q=40.8491524,-96.6036698"
